1,1 Cum et aeterno,0,"""Dico"" cetero regione ne nam, vis choro quando munere id. 
Cu eos eirmod fierent appareat, unum mentitum ne vis, eirmod ornatus dolorum ad eos. 
Pri id maiestatis definiebas quaerendum, eam malis dolore iudicabit in. Hinc perpetua abhorreant vis ea, 
te singulis patrioque concludaturque per. An quis nihil corpora mea, velit delenit cu nec."
,,,"Ius an iudico tritani epicuri, nostro tractatos moderatius usu et. Per ei nisl accumsan albucius."
,,," Cum et aeterno docendi molestiae, omnium adolescens consequuntur te per. Pri ad esse labitur graecis, 
odio error comprehensam per ex."
1.1,"1.1 Te his decore",0,"Eum ea suas dicat, ipsum aperiri detraxit at sed. Pri an erant vocent, 
quaestio patrioque maiestatis ut pri. 
Pro omnes nostrud pertinax no, vix ea clita insolens voluptatum. Ut ullum epicurei delicatissimi nam, 
sea ea elit adhuc scaevola."
,,,"Eros debet takimata te eos. Te his decore facilis, quot veniam adipiscing cu vel, 
quo congue alienum efficiantur cu. Ne facer contentiones sed, ex porro graece eruditi mel. 
An nam nullam pertinax persequeris, eum ei viris nostrud erroribus. Ius ipsum malis rationibus ei, sea an tempor senserit repudiandae, ei vitae essent nec."
,,,"Liber nullam volutpat sit et, ne mea libris euismod percipit, vim inermis moderatius philosophia te. 
Sea wisi error dolorum eu, sea id eius solum regione."
,,,"Minim labore accumsan eu eum, quaestio moderatius at pri. Regione scribentur ei vel, 
cu autem civibus gubergren vis, te oblique omittantur eam. 
Dicta ubique accusata in pri, duo urbanitas adversarium cu. Ad nam ferri laoreet neglegentur, 
ne utamur facilis erroribus vix."
"1.2","1.2 Minim intellegat liberavisse ex vim",0,"Zzril constituam mei id, et velit albucius persecuti mea, nec zzril impetus antiopam ex. Minim intellegat liberavisse ex vim, 
velit scriptorem disputando no sit, habeo velit perpetua eos cu."
"2","2 Scripta oblique",0,"Saepe postea pro ei, mei saepe labores voluptatum ex. In homero propriae qualisque sea, mundi constituam ea vis, no sed amet dolor semper. Movet senserit vis an, debet menandri maluisset eum ei. 
Bonorum accusamus aliquando et duo, nam ex nobis ridens intellegat."
2.1,"2.1 Pro omnes nostrud",,"Expetenda ocurreret consetetur et sea, ut per dolor recusabo consequuntur. Scripta oblique appetere mei in, natum causae electram ea usu."
2.2,"2.2 In homero",,"Eum ea suas dicat, ipsum aperiri detraxit at sed. Pri an erant vocent, quaestio patrioque maiestatis ut pri. Pro omnes nostrud pertinax no, vix ea clita insolens voluptatum. 
Ut ullum epicurei delicatissimi nam, sea ea elit adhuc scaevola. Ei quo nihil iudico veniam, nonumy nominavi antiopam mei ne."
,,,"Ea vero debet contentiones ius, labitur detracto scribentur per an, habemus percipit corrumpit pri et. In habeo malorum adolescens nec, ne usu essent lucilius."
"2.3","2.3 Zzril constituam mei",,"Dico nihil meliore sea ea, 
cu eirmod inermis periculis sea, mel ea erant propriae apeirian. 
Vidisse deseruisse mel cu, eam veniam deserunt suscipiantur at, nostrud noluisse platonem duo et. Ius volumus petentium ut, ut nec quod modo quidam, cu putant propriae usu."
,,,"An aliquam maiestatis elaboraret sit, an tollit mucius graeci vel. Velit affert blandit eos ad, sed id impetus nostrud imperdiet. Menandri maluisset elaboraret ne duo, sea ad facete vocent reprehendunt, 
ne deserunt petentium maluisset mei. Tale omnis laoreet ut vel, porro inani facilisi eam cu. Porro dolor tibique et eos, mucius vidisse recteque mea ei."
,,,"Id impetus noluisse corrumpit ius."
2.4,"2.4 Te his decore",1,"Eum ea suas dicat, ipsum aperiri detraxit at sed. Pri an erant vocent, quaestio patrioque maiestatis ut pri. Pro omnes nostrud pertinax no, vix ea clita insolens voluptatum. 
Ut ullum epicurei delicatissimi nam, sea ea elit adhuc scaevola."
,,,"Eros debet takimata te eos. Te his decore facilis, quot veniam adipiscing cu vel, quo congue alienum efficiantur cu. Ne facer contentiones sed, ex porro graece eruditi mel. An nam nullam pertinax persequeris, 
eum ei viris nostrud erroribus. Ius ipsum malis rationibus ei, sea an tempor senserit repudiandae, ei vitae essent nec."
"2.5","2.5 Saepe postea pro ei",0,"Euismod ullamcorper est ne, eum utroque gubergren no. Saepe postea pro ei, mei saepe labores voluptatum ex. In homero propriae qualisque sea, mundi constituam ea vis, no sed amet dolor semper."
"2.5.1","2.5.1 In primis",,"Et verterem dignissim laboramus pri, ad pri veniam nullam intellegebat. In primis impedit ocurreret sit. Quo nisl graece minimum eu, vix commune consectetuer an. Has no."
"2.5.2","2.5.2 Et verterem",,"Diam illud homero per an, an eum denique perfecto, mei te hinc unum nihil."
